{
  "accuracy": 0.7924528301886793,
  "macro_precision": 0.7005490925769563,
  "macro_recall": 0.5658619929453262,
  "macro_f1": 0.6233434426982813,
  "per_label": {
    "AC": {
      "precision": 0.8421052631578947,
      "recall": 0.7619047619047619,
      "f1": 0.8,
      "support": 21
    },
    "AVG": {
      "precision": 0.9814814814814815,
      "recall": 0.654320987654321,
      "f1": 0.7851851851851851,
      "support": 81
    },
    "FA": {
      "precision": 0.9786096256684492,
      "recall": 0.8472222222222222,
      "f1": 0.9081885856079405,
      "support": 216
    },
    "unclassified": {
      "precision": 0.0,
      "recall": 0.0,
      "f1": 0.0,
      "support": 0
    }
  },
  "confusion_matrix": {
    "AC": {
      "AC": 16,
      "AVG": 0,
      "FA": 0,
      "unclassified": 5
    },
    "AVG": {
      "AC": 0,
      "AVG": 53,
      "FA": 4,
      "unclassified": 24
    },
    "FA": {
      "AC": 3,
      "AVG": 1,
      "FA": 183,
      "unclassified": 29
    },
    "unclassified": {
      "AC": 0,
      "AVG": 0,
      "FA": 0,
      "unclassified": 0
    }
  },
  "total_examples": 318
}