{
  "accuracy": 0.97,
  "macro_precision": 0.9524109723845255,
  "macro_recall": 0.9638583657832921,
  "macro_f1": 0.957969948513187,
  "per_label": {
    "plural": {
      "precision": 0.9190140845070423,
      "recall": 0.9525547445255474,
      "f1": 0.935483870967742,
      "support": 274
    },
    "singular": {
      "precision": 0.9858078602620087,
      "recall": 0.9751619870410367,
      "f1": 0.9804560260586319,
      "support": 926
    }
  },
  "confusion_matrix": {
    "plural": {
      "plural": 261,
      "singular": 13
    },
    "singular": {
      "plural": 23,
      "singular": 903
    }
  },
  "labels": [
    "plural",
    "singular"
  ],
  "total_examples": 1200
}