{
  "accuracy": 0.8766666666666667,
  "macro_precision": 0.6029494830423144,
  "macro_recall": 0.5902634358594377,
  "macro_f1": 0.5953509904045788,
  "per_label": {
    "plural": {
      "precision": 0.8401360544217688,
      "recall": 0.9014598540145985,
      "f1": 0.869718309859155,
      "support": 274
    },
    "singular": {
      "precision": 0.9687123947051745,
      "recall": 0.8693304535637149,
      "f1": 0.9163346613545815,
      "support": 926
    },
    "unclassified": {
      "precision": 0.0,
      "recall": 0.0,
      "f1": 0.0,
      "support": 0
    }
  },
  "confusion_matrix": {
    "plural": {
      "plural": 247,
      "singular": 26,
      "unclassified": 1
    },
    "singular": {
      "plural": 47,
      "singular": 805,
      "unclassified": 74
    },
    "unclassified": {
      "plural": 0,
      "singular": 0,
      "unclassified": 0
    }
  },
  "labels": [
    "plural",
    "singular",
    "unclassified"
  ],
  "total_examples": 1200
}