{
  "accuracy": 0.9633333333333334,
  "macro_precision": 0.6307748538011696,
  "macro_recall": 0.6379793266173742,
  "macro_f1": 0.6342385588026705,
  "per_label": {
    "plural": {
      "precision": 0.9087719298245615,
      "recall": 0.9452554744525548,
      "f1": 0.9266547406082292,
      "support": 274
    },
    "singular": {
      "precision": 0.9835526315789473,
      "recall": 0.968682505399568,
      "f1": 0.9760609357997824,
      "support": 926
    },
    "unclassified": {
      "precision": 0.0,
      "recall": 0.0,
      "f1": 0.0,
      "support": 0
    }
  },
  "confusion_matrix": {
    "plural": {
      "plural": 259,
      "singular": 15,
      "unclassified": 0
    },
    "singular": {
      "plural": 26,
      "singular": 897,
      "unclassified": 3
    },
    "unclassified": {
      "plural": 0,
      "singular": 0,
      "unclassified": 0
    }
  },
  "labels": [
    "plural",
    "singular",
    "unclassified"
  ],
  "total_examples": 1200
}