{
  "accuracy": 0.9825,
  "macro_precision": 0.9793887062393873,
  "macro_recall": 0.9706728571203355,
  "macro_f1": 0.9749432992714664,
  "per_label": {
    "plural": {
      "precision": 0.9737827715355806,
      "recall": 0.948905109489051,
      "f1": 0.9611829944547134,
      "support": 274
    },
    "singular": {
      "precision": 0.984994640943194,
      "recall": 0.9924406047516199,
      "f1": 0.9887036040882194,
      "support": 926
    }
  },
  "confusion_matrix": {
    "plural": {
      "plural": 260,
      "singular": 14
    },
    "singular": {
      "plural": 7,
      "singular": 919
    }
  },
  "labels": [
    "plural",
    "singular"
  ],
  "total_examples": 1200
}