{
  "accuracy": 0.9873873873873874,
  "macro_precision": 0.9883045174213273,
  "macro_recall": 0.9863178203008112,
  "macro_f1": 0.9872279991189457,
  "per_label": {
    "plural": {
      "precision": 0.9807073954983923,
      "recall": 0.9967320261437909,
      "f1": 0.9886547811993517,
      "support": 306
    },
    "singular": {
      "precision": 0.9959016393442623,
      "recall": 0.9759036144578314,
      "f1": 0.9858012170385395,
      "support": 249
    }
  },
  "confusion_matrix": {
    "plural": {
      "plural": 305,
      "singular": 1
    },
    "singular": {
      "plural": 6,
      "singular": 243
    }
  },
  "total_examples": 555
}