{
  "accuracy": 0.9245283018867925,
  "macro_precision": 0.7191771642991155,
  "macro_recall": 0.6979717813051146,
  "macro_f1": 0.7083293318223628,
  "per_label": {
    "AC": {
      "precision": 0.9523809523809523,
      "recall": 0.9523809523809523,
      "f1": 0.9523809523809523,
      "support": 21
    },
    "AVG": {
      "precision": 0.9487179487179487,
      "recall": 0.9135802469135802,
      "f1": 0.9308176100628931,
      "support": 81
    },
    "FA": {
      "precision": 0.975609756097561,
      "recall": 0.9259259259259259,
      "f1": 0.9501187648456056,
      "support": 216
    },
    "unclassified": {
      "precision": 0.0,
      "recall": 0.0,
      "f1": 0.0,
      "support": 0
    }
  },
  "confusion_matrix": {
    "AC": {
      "AC": 20,
      "AVG": 0,
      "FA": 0,
      "unclassified": 1
    },
    "AVG": {
      "AC": 0,
      "AVG": 74,
      "FA": 5,
      "unclassified": 2
    },
    "FA": {
      "AC": 1,
      "AVG": 4,
      "FA": 200,
      "unclassified": 11
    },
    "unclassified": {
      "AC": 0,
      "AVG": 0,
      "FA": 0,
      "unclassified": 0
    }
  },
  "total_examples": 318
}