{
  "accuracy": 0.9025157232704403,
  "macro_precision": 0.7171925620201482,
  "macro_recall": 0.6821538800705468,
  "macro_f1": 0.6989852219277117,
  "per_label": {
    "AC": {
      "precision": 0.9523809523809523,
      "recall": 0.9523809523809523,
      "f1": 0.9523809523809523,
      "support": 21
    },
    "AVG": {
      "precision": 0.9459459459459459,
      "recall": 0.8641975308641975,
      "f1": 0.903225806451613,
      "support": 81
    },
    "FA": {
      "precision": 0.9704433497536946,
      "recall": 0.9120370370370371,
      "f1": 0.9403341288782817,
      "support": 216
    },
    "unclassified": {
      "precision": 0.0,
      "recall": 0.0,
      "f1": 0.0,
      "support": 0
    }
  },
  "confusion_matrix": {
    "AC": {
      "AC": 20,
      "AVG": 0,
      "FA": 0,
      "unclassified": 1
    },
    "AVG": {
      "AC": 0,
      "AVG": 70,
      "FA": 6,
      "unclassified": 5
    },
    "FA": {
      "AC": 1,
      "AVG": 4,
      "FA": 197,
      "unclassified": 14
    },
    "unclassified": {
      "AC": 0,
      "AVG": 0,
      "FA": 0,
      "unclassified": 0
    }
  },
  "total_examples": 318
}