{
  "accuracy": 0.9775,
  "macro_precision": 0.9709609924971749,
  "macro_recall": 0.9648633948700163,
  "macro_f1": 0.9678683315631165,
  "per_label": {
    "plural": {
      "precision": 0.9591078066914498,
      "recall": 0.9416058394160584,
      "f1": 0.9502762430939227,
      "support": 274
    },
    "singular": {
      "precision": 0.9828141783029001,
      "recall": 0.9881209503239741,
      "f1": 0.9854604200323102,
      "support": 926
    }
  },
  "confusion_matrix": {
    "plural": {
      "plural": 258,
      "singular": 16
    },
    "singular": {
      "plural": 11,
      "singular": 915
    }
  },
  "labels": [
    "plural",
    "singular"
  ],
  "total_examples": 1200
}